凹凸租车	8AF4AF49-465F-4C6E-828E-3AE4DA6330E4	113.206.47.233	12.4
凹凸租车	156CDBA9-753A-42A1-BCD1-E82CE2A7B462	116.115.211.212	12.2
凹凸租车	BA778F4A-C7C2-4F0D-8079-214C83D4BBAA	121.232.206.55	12.4
凹凸租车	A9B941D5-49A5-416D-8526-7A56BDEF8D7B	58.243.254.58	12.1.4
凹凸租车	7A165D45-6F09-46C5-9320-C8344E24B238	61.139.229.61	12.3.1
凹凸租车	799AF33C-C76C-4BF5-894C-B4199CE3144C	117.169.133.207	12.4
凹凸租车	F4FA2EDC-2D24-4185-8312-500612B23144	223.98.104.115	12.3.1
凹凸租车	F5B322A0-2D0A-424A-90F0-37D4A7D2F3D4	222.182.58.245	12.3.1
凹凸租车	A0346545-7805-439E-ACC1-F0455FD3D1DA	202.110.234.50	12.2
凹凸租车	C5FD3C18-F4CD-44F0-8525-30FED06C707B	218.59.222.163	12.3.1
凹凸租车	D0D99C49-E809-436F-83C9-ED83735B1139	223.64.143.189	12.4
凹凸租车	2E5DD0FA-0D67-46A9-B7BA-1770435C3C85	223.104.147.25	12.3.1
凹凸租车	D1C74303-44C2-4F6C-AD48-7CDF8749B422	113.214.196.86	12.2
凹凸租车	24DBC7DC-0A07-48B4-8E43-3311AF6434C0	223.104.14.57	12.3.1
凹凸租车	95770DE1-2FCD-4962-B80F-6EF2DF63F037	27.204.124.7	12.2
凹凸租车	22CE4058-AFAF-4A8F-9478-47AC64B641D0	116.132.86.99	12.4
凹凸租车	7A423996-2B23-4347-88F2-85B6847127CE	124.160.218.63	12.1.4
凹凸租车	19753D22-1895-42BD-A4F4-A447365F19D7	110.181.215.161	12.1.4
凹凸租车	34D27645-3F45-4B26-BE80-B5EEE4B16F01	49.71.58.228	12.4
凹凸租车	55739593-0C3E-4162-84D3-A7BC08B6AEF3	113.227.151.219	12.3.1
凹凸租车	CF452148-EE54-4EE7-B55F-C081BAABA4CD	223.67.143.83	12.3.1
凹凸租车	38D4E786-8BF8-499B-8F5B-815166E251F6	182.107.96.191	12.3
凹凸租车	18CEBC48-CC42-4D3A-8B23-AD77340E54E6	116.16.16.180	12.1
凹凸租车	DAEE9413-9F1B-4E92-9809-980D1C10356F	117.136.56.27	12.3.1
凹凸租车	9B1A01B7-1309-4707-B6CB-D9818FF52FBF	183.31.96.157	12.4
凹凸租车	6B1D1863-1CDF-4BCF-91C0-CA9D6E376546	180.104.1.7	12.3
凹凸租车	32F8C9B0-4713-4768-855B-EDCE549EBF61	111.79.119.121	12.2
凹凸租车	E05F454D-571A-4711-9615-3770EE050E5B	120.230.64.86	12.1.2
凹凸租车	DD6FA6E5-1215-4428-9418-12E15511A47E	1.181.169.192	12.3.1
凹凸租车	D7CD1184-6C68-4C65-99C9-5BEBDB9EAA80	112.113.186.48	12.1.1
凹凸租车	9673F465-77B8-45E2-B1C4-4E545E483486	123.180.205.157	12.1.1
凹凸租车	B91D6C84-C612-48A7-8D58-D0F422226E82	112.39.26.199	12.1.4
凹凸租车	166277B8-1701-413F-B66F-9887B244A01B	182.131.80.150	12.2
凹凸租车	2C1474D2-F74E-489E-872F-2B7FA7AE97F7	117.136.90.253	12.0.1
凹凸租车	C7C23D7E-30DB-4904-98E5-397EDF562407	113.127.65.50	12.2
凹凸租车	A0D44140-A9A9-4442-A65C-7A4AECCF1FAC	58.46.77.230	12.3.1
凹凸租车	7A03807F-1422-46D0-89CD-44D03BA6BB2E	117.151.50.95	12.2
凹凸租车	0F2A224B-FCEB-49E7-B674-C8A42D677969	223.74.231.168	12.3.1
凹凸租车	765D6DD5-A7E9-431D-8ED7-A365E9C88D8B	120.239.40.57	12.3.1
凹凸租车	E72E83F9-E3AA-4298-A296-599949C76C56	183.199.139.88	12.4
凹凸租车	DBFFE9D1-B5A9-4048-BD36-CC131B348B33	60.189.177.223	12.4
凹凸租车	4B57776B-643A-4A5A-BCDC-F21FD977FABB	113.200.219.98	12.4
凹凸租车	30A39C64-EEEA-4538-879F-067FA18A07C7	117.9.238.41	12.4
凹凸租车	56EBDF8D-A667-411F-8AF8-DF0C5EEA3AF7	42.48.78.11	12.4
凹凸租车	0CCA6C47-C659-43EA-9707-7D4AF0C9F0C2	140.75.227.180	12.3.1
凹凸租车	99EA1324-2918-49AE-B5F8-3961909A7561	110.248.147.215	12.4
凹凸租车	94C27495-0BC0-401D-8FD9-EEEF34A941F4	14.209.39.238	12.4
凹凸租车	96131946-6DC4-4DA6-8E57-94503AA7E2DC	222.89.4.52	12.3.1
凹凸租车	2948C6E9-D313-49FD-972C-82253375C58E	114.96.246.152	12.3.1
凹凸租车	0A395D6E-B29A-4877-ACA2-D8FA416D233E	120.230.71.129	12.4
神舟租车	60FDE277-8A0D-4AA9-81A6-F804D856BC12	220.175.23.24	12.3.1
神舟租车	B507AB4E-F43F-4036-9E2A-CC17254D01E5	113.94.51.144	12.3.1
神舟租车	39404497-9647-4E3B-9FF6-84E7385CA98C	223.104.63.227	12.3.1
神舟租车	422F3BCB-4DA5-4431-9364-1C3D1B0214FC	112.20.56.186	12.4
神舟租车	136682C0-EF18-446E-AD72-61B5FEE68B3E	117.136.40.148	12.4
神舟租车	37E76802-4018-4E47-A58C-C50B64661E89	221.220.164.53	12.3.1
神舟租车	122006CA-6AB3-444C-A79B-3699A5CB71EB	120.239.37.45	12.3.1
神舟租车	60FDFFFF-4B5D-4A62-AD33-2920C19F3A20	113.122.13.53	12.2
神舟租车	953BB62F-A5F9-470E-9E34-81E5D144AC2E	112.97.216.104	12
神舟租车	8BA1A9D8-58A9-42B8-B0DD-432884967B13	117.136.75.187	12.2
神舟租车	39B53EE0-6FA9-4C2E-AB90-B6BB98D0BB02	27.155.137.235	12.4
神舟租车	1417DAF5-0B0E-441F-8E69-8C775DE3A8D9	183.249.146.0	12.3.1
神舟租车	0E253F02-BE46-4FD6-96EA-13A6031D5932	114.239.204.147	12.3.1
神舟租车	6D1DA161-B8E3-4CA3-AC91-69DBECE74D60	118.212.200.119	12.1.4
神舟租车	D1DCBD93-34B7-4510-94DA-F30BB3DDBF5A	124.160.214.142	12.1.4
神舟租车	7F69E157-F116-4228-97F5-CED0E99DC2B3	36.61.217.34	12.3
神舟租车	A5980E4B-A57D-43E0-993E-2FF3DFE4EE41	122.159.140.10	12.2
神舟租车	989C83E5-7876-4587-84D9-09EFEAD32C6F	113.135.194.55	12.1.4
神舟租车	7AF43A92-DFD4-471B-87AE-0616C472ACE4	222.217.120.50	12.4
神舟租车	46ADD38B-72E7-41AF-9C02-707359533577	223.104.16.228	12.3.2
神舟租车	4A0E1B6D-4127-4EA9-8FA3-1C36FC578490	39.187.230.42	12.3.1
神舟租车	1D76B9A1-FE26-4183-8BC7-D73EED13F4C7	222.184.175.36	12.3.2
神舟租车	371D1433-6F19-47AC-8358-25E7051F8086	120.239.26.207	12.4
神舟租车	6F08AF75-1FE9-4793-9E43-4889ED1049A6	117.176.229.176	12.2
神舟租车	8180EF5A-D1F5-48B3-89D3-A286E35DFD93	183.39.52.2	12.2
神舟租车	E00135DA-CD65-4D4D-9E8E-6C6B261043D0	223.198.129.9	12.3.2
神舟租车	4419B1BA-C0AB-4B5B-B632-03842603E669	58.22.28.20	12.4
神舟租车	763F4098-F6A8-436A-AA1D-1DAEDE41DFE7	220.195.66.156	12.3.1
神舟租车	B756C026-FB80-40FF-9404-286C2C652F13	223.73.236.187	12.4
神舟租车	7639E065-0491-4870-AE8A-C30560A0E6E6	122.156.88.206	12.3.1
神舟租车	D7B53D19-C086-4C20-A874-4871D28FD47D	122.96.42.30	12.3.1
神舟租车	A57DA736-014D-476E-AE98-F7A84B6D9F3A	116.27.106.137	12.1.4
神舟租车	D99808A2-766D-4F27-A762-A2110CC8E208	113.77.21.250	12.3
神舟租车	60F49BF6-126B-406B-B1B2-0A102F279130	113.85.35.32	12.3.1
神舟租车	08097E7F-A205-4608-BECC-6ABE0D82F7CF	223.104.63.114	12.3.1
神舟租车	F7CED4A4-FDC8-42CF-B0AE-D5A2B908896F	36.249.121.197	12.3.1
神舟租车	548C5850-727A-4F16-9F0B-58251FEA1625	112.240.121.230	12.3.1
神舟租车	923C8BB6-CE9F-4209-8904-EC4A5E4E359A	117.141.92.207	12.2
神舟租车	818F381F-6C53-4818-ADBA-2266B27366BD	60.19.0.230	12.3.1
神舟租车	164FFF7C-F30B-485B-87FC-FF4ABF75320B	183.198.196.243	12.4
神舟租车	6F627CAC-7928-4741-A254-A737E3486545	117.60.140.121	12.4
神舟租车	5A554DB8-D7B4-4D5E-A188-98D581C58838	183.1.90.46	12.4
神舟租车	9F0D8484-CE5D-4AE0-9A5E-8DC11DD948E6	223.104.16.234	12.3.1
神舟租车	01E7EF1B-4A53-43F1-8A09-9427A34E54AF	111.208.112.251	12.3
神舟租车	7FEDFD81-15AF-46D8-A854-CF7FC9D53ADC	220.202.152.120	12.2
神舟租车	2D2D72CD-069B-40B7-8CCC-4D0C1EE80BE8	220.202.75.118	12.2
神舟租车	E5DD773D-4102-4F97-A5F9-B125AF83FA82	106.47.108.11	12.4
神舟租车	70224511-81C9-4078-8062-6E442AAEDECB	45.115.158.23	12.3.1
神舟租车	DC0AC97B-5641-41CC-BCB8-38A2DD7C5303	59.53.23.24	12.3.1
神舟租车	27EF53CB-736B-43DE-9BC7-6BCCDE8399B7	120.216.132.141	12.3.1
神舟租车	C589591A-8CFC-40DF-B540-2E786FFD0887	183.222.131.62	12.3.1
神舟租车	320B3012-01BF-48F5-992E-A7DFE125BF47	106.127.34.130	12.4
神舟租车	AEE652F9-8C70-49FD-9A0E-5242DDA17A15	61.153.206.188	12.3.2
神舟租车	58CFBD32-FA16-4FB1-953A-375797A1CF23	117.136.66.225	12.3.1
神舟租车	1CE291C0-9E44-45EA-8074-49082A937427	114.83.64.96	12.1.2
神舟租车	0608F486-0D00-4DF1-91F8-9DE17F033925	112.224.71.152	12.2
神舟租车	3B19D9A5-0A00-4DA4-9527-9438ECDDF3F7	125.210.223.146	12.1.2
神舟租车	0F79B5E7-FFF9-4E22-A8D8-73241969C1CE	140.250.225.206	12.3
神舟租车	C7F0011C-5802-4284-9944-F95B8398B732	117.157.61.239	12
神舟租车	1060F652-09B6-47FB-8F0E-5F281C9A3792	124.160.213.47	12.4
神舟租车	3D272D63-0028-4937-8E42-6D202051CD8E	117.136.7.221	12.3.2
神舟租车	653B0294-95E3-4F5E-9921-A46B90C9CCBF	103.57.12.149	12.3.1
神舟租车	82CBB28C-7AC6-4239-ADBB-4DA4EE872EF3	123.139.120.112	12.4
神舟租车	D56E8B28-4084-4EA0-9EBE-BDA2F07AB7C5	121.232.194.124	12.2
神舟租车	505AB58D-644C-4027-97BA-BA5F5C829DCF	220.115.30.5	12.4
神舟租车	62416EC4-17DA-4373-A318-3B2E2D8D4EAE	117.62.128.82	12.4
神舟租车	8460F809-A0F1-4331-B1C6-E76E72C4C089	117.151.83.197	12.4
神舟租车	7E8E8EA5-9CA6-4FF7-B178-197B39B00D6C	120.86.111.14	12.1.4
神舟租车	8CFD6B0F-671B-4F33-B725-0EB2E458A49E	223.88.91.11	12.3
神舟租车	01ED9799-6360-46B7-91F9-FB253AB28D55	123.130.215.221	12.1.2
神舟租车	AF04CC26-9F48-483C-A32F-147CC20D014A	1.86.218.37	12.2
神舟租车	0EA88B25-C2AE-4DF5-B9AE-8A86F3EDF239	123.116.88.84	12.1.4
神舟租车	A52729AD-01CB-4D11-9881-2D092B0A84FA	60.222.97.201	12.2
神舟租车	06A7E7E1-8DA6-474F-9A73-8A7CA2803D62	183.199.245.249	12.3.1
神舟租车	46F58C7E-6100-4F7C-8789-71DD8603665B	183.199.132.232	12.1.4
神舟租车	ADEA0206-AB15-481E-A017-BC0CAC28C8ED	121.24.160.157	12.3.1
神舟租车	DA34D3D2-C0F5-49B6-B515-81BB9AC9901C	123.196.10.166	12.3.1
神舟租车	562E5FE1-1355-471E-8F06-FD63E0584954	223.98.110.62	12.3.1
神舟租车	F569BF85-403B-4529-AE3B-97D0719EBEFB	125.77.80.19	12.1.1
神舟租车	038C716A-FB89-4D9B-A764-7D6BFD76AA32	139.205.132.250	12.1.1
神舟租车	4040A041-D05F-4B36-9621-55641BCE6A7F	116.252.45.208	12.1.1
神舟租车	41F1C675-FF84-4BA9-8FCE-61190759A97A	117.136.19.8	12.1.2
神舟租车	69BB8238-A6D7-43B1-85DA-520F18F2D26E	110.86.179.252	12.3.1
神舟租车	75443A89-B837-4BCB-8813-161E96C40BFD	111.69.163.168	12.3.2
神舟租车	7EBDF5C0-2F5F-495D-9006-72DE108C8740	113.127.17.63	12.1.2
神舟租车	98952E70-B70C-4E17-8314-6FF78B10BE41	183.202.188.232	12.4
神舟租车	3A6FDD0E-54E4-4CD1-9654-265BDBE227C9	116.30.122.168	12.1.4
神舟租车	C60C3F8B-D473-4CD1-94E1-EF5795ADCE31	183.210.171.198	12.1.4
神舟租车	1F7A9D41-2C66-401A-83EE-B1D739D2484B	120.228.132.131	12.4
神舟租车	4AA24D72-9ADA-4D7E-87C5-DA7A8E5FF77C	175.23.135.141	12.4
神舟租车	AD344F08-7617-48C6-893B-0E12DA0B3DE4	223.79.27.38	12.4
神舟租车	384D8024-6089-4B51-8111-8C31C0536BFD	42.102.23.157	12.2
神舟租车	EDC19F1D-300C-4326-8D76-9205D40FA7F0	223.146.64.174	12.1.2
神舟租车	0B48A57D-8BBB-4CB7-AC66-AED8C6DAC620	113.110.75.44	12.3.1
神舟租车	09992784-D56C-4541-86BC-B44C89EE2B0E	61.145.82.55	12.1.2
神舟租车	983816E8-193A-4673-85CE-28A3E387A4FC	114.248.15.32	12.4
神舟租车	CCF19CA4-3130-45C7-B235-46B74389D742	59.59.152.40	12.3.1
神舟租车	C570BDF3-8163-46CB-A3A7-85CC7271FC79	49.66.112.155	12.4
神舟租车	B379F7DC-5454-4F24-9C26-B312974ACCAB	111.35.239.230	12.2
神舟租车	EE6F1ADA-C6A8-4954-A5F0-5FCBA80F12FF	117.87.198.197	12.4